Unnamed: 0,tconst,primaryTitle,startYear,runtimeMinutes,numVotes,label
5,tt0011439,The Mark of Zorro,1920,79,2439.0,True
10,tt0012532,Ớrpháns ớf thé Stớrm,1921,150,0.0,True
13,tt0013933,The Faithful Heart,1923,87,1252.0,True
31,tt0015400,The Thief of Bagdad,1924,155,6001.0,True
33,tt0015842,The Joyless Street,1925,125,1554.0,True
41,tt0016544,The Wizard of Oz,1925,95,1497.0,False
43,tt0016641,Ben-Hur: A Tale of the Christ,1925,143,7539.0,True
49,tt0017463,3 Bad Men,1926,92,1165.0,True
55,tt0018379,7th Heaven,1927,110,3499.0,True
58,tt0018528,The Unknown,1927,63,7850.0,True
60,tt0018684,Beggars of Life,2007,100,1093.0,True
86,tt0021884,Frankenstein,1931,70,69780.0,True
100,tt0022787,Wooden Crosses,1932,115,1409.0,True
105,tt0023303,One Hour with You,1932,78,2389.0,True
114,tt0023937,Pássing Fáncy,1933,100,1306.0,True
121,tt0024127,Our Flags Lead Us Forward,1933,95,1733.0,False
133,tt0024902,Blue Steel,1934,54,1546.0,False
145,tt0025898,Tớni,1935,84,1766.0,True
170,tt0028021,Osaka Elegy,1936,71,2253.0,True
186,tt0028708,Charlie Chan at the Olympics,1937,71,0.0,True
194,tt0029192,Make Way for Tomorrow,1937,91,8144.0,True
199,tt0029440,The Prince and the Pauper,1937,118,2482.0,True
201,tt0029608,Stella Dallas,1937,106,5254.0,True
207,tt0029947,Bringing Up Baby,1938,102,59515.0,True
212,tt0030241,Hớlidáy,2007,95,15746.0,True
230,tt0031381,Gone with the Wind,1939,238,303845.0,True
246,tt0031951,Sớn ớf Fránkénstéin,1939,99,9957.0,True
267,tt0032617,I Love You Again,1940,99,3232.0,True
278,tt0033045,The Shop Around the Corner,2007,99,30968.0,True
303,tt0034162,Thé Séá Wớlf,1941,100,3661.0,True
304,tt0034224,Spooks Run Wild,1941,65,1688.0,False
306,tt0034398,Thé Wớlf Mán,1941,70,25976.0,True
313,tt0034587,Cat People,1942,73,0.0,True
333,tt0035429,Wént thé Dáy Wéll?,1942,92,3549.0,True
335,tt0035446,To Be or Not to Be,1942,99,34514.0,True
337,tt0035567,Woman of the Year,1942,114,9842.0,True
365,tt0037017,Lifeboat,1944,97,28060.0,True
389,tt0037885,Love Letters,1945,101,1544.0,True
424,tt0039208,Boomerang!,1947,88,0.0,True
427,tt0039302,Dark Passage,1947,106,19034.0,True
433,tt0039536,Kiss of Death,1947,99,8064.0,True
463,tt0040536,Letter from an Unknown Woman,1948,87,11921.0,True
476,tt0040866,La Terra Trema,1948,160,4876.0,True
484,tt0041386,The Fountainhead,1949,114,0.0,True
486,tt0041460,The Hidden Room,1949,96,1895.0,True
493,tt0041699,Stray Dog,1949,122,16502.0,True
505,tt0042209,At War with the Army,1950,93,2325.0,False
507,tt0042235,Beauty and the Devil,1950,96,1550.0,True
529,tt0043286,Angels in the Outfield,1951,99,2314.0,True
531,tt0043338,Ace in the Hole,1951,111,34375.0,True
539,tt0043757,Lost Continent,1951,83,1497.0,False
542,tt0043879,On Dangerous Ground,1951,82,6857.0,True
548,tt0043959,Rawhide,1951,89,2645.0,True
553,tt0044320,Abbott and Costello Meet Captain Kidd,1952,70,2135.0,False
561,tt0044741,Ikiru,1952,143,74694.0,True
567,tt0044982,Thé Flávớr ớf Gréén Téá Ớvér Ricé,1952,116,2833.0,True
574,tt0045201,Thé Strángér in Bétwéén,1952,84,1030.0,True
578,tt0045465,99 River Street,2007,83,2842.0,True
589,tt0045826,Glen or Glenda,1953,65,8491.0,False
603,tt0046375,The Stranger Wore a Gun,2007,83,0.0,False
619,tt0047296,On the Waterfront,1954,108,149783.0,True
633,tt0047878,The Big Combo,1955,87,7256.0,True
649,tt0048424,Thé Night ớf thé Húntér,1955,92,86393.0,True
651,tt0048473,Pather Panchali,1955,125,29571.0,True
652,tt0048488,The Phenix City Story,1955,100,2581.0,True
671,tt0049012,The Burmese Harp,1956,116,5758.0,True
677,tt0049223,Forbidden Planet,1956,98,47621.0,True
692,tt0049615,"The Phantom from 10,000 Leagues",2007,81,1700.0,False
720,tt0050545,Invásiớn ớf thé Sáúcér Mén,1957,69,1812.0,False
725,tt0050665,Madhumati,1958,110,1394.0,True
731,tt0050976,The Seventh Seal,1957,96,177539.0,True
753,tt0051845,The Last Hurrah,1958,121,3504.0,True
760,tt0052005,No Time for Sergeants,1958,119,3938.0,True
769,tt0052216,Big Deal on Madonna Street,1958,106,10091.0,True
778,tt0052561,Ánátớmy ớf á Múrdér,1959,161,64067.0,True
780,tt0052600,Ballad of a Soldier,1959,88,10124.0,True
781,tt0052609,Beast from Haunted Cave,2007,72,1949.0,False
808,tt0053133,Odds Against Tomorrow,1959,96,4461.0,True
832,tt0053636,The Baroness from the Gas Station,1960,122,1086.0,True
848,tt0053987,The Steamroller and the Violin,1961,46,6151.0,True
850,tt0054042,Macario,1960,91,3212.0,True
853,tt0054086,The Millionairess,1960,90,1791.0,False
874,tt0054393,Tormented,2007,75,2496.0,False
901,tt0055184,The Misfits,2007,125,19925.0,True
918,tt0055618,Whistle Down the Wind,2007,99,3328.0,True
919,tt0055630,Yojimbo,1961,110,118426.0,True
923,tt0055805,Bớccácciớ '70,1962,205,4325.0,True
924,tt0055824,Cape Fear,1962,106,28146.0,True
926,tt0055850,Chushingura,2007,207,2014.0,True
929,tt0055913,Divorce Italian Style,1961,105,12370.0,True
950,tt0056264,Mutiny on the Bounty,1962,178,15843.0,True
960,tt0056636,A Monkey in Winter,1962,105,0.0,True
964,tt0056860,Beach Party,1963,101,2069.0,False
974,tt0057083,Fun in Acapulco,1963,97,3178.0,False
984,tt0057360,A New Kind of Love,1963,110,1397.0,False
999,tt0057715,Zatoichi the Fugitive,1963,86,1712.0,True
1004,tt0057919,Carry on Jack,1964,91,2224.0,False
1006,tt0057935,Charulata,1964,117,5973.0,True
1021,tt0058311,Hércúlés Ágáinst thé Mớớn Mén,1964,90,1844.0,False
1034,tt0058564,Seduced and Abandoned,1964,118,0.0,True
1044,tt0058898,Alphaville,1965,99,24406.0,True
1048,tt0059012,Chimes at Midnight,1965,119,8655.0,True
1064,tt0059464,Monster a Go-Go,1965,68,11387.0,False
1066,tt0059529,Triumph Over Violence,1965,138,1666.0,True
1081,tt0059856,Vague Stars of Ursa...,1965,105,1913.0,True
1082,tt0059878,Village of the Giants,1965,81,2316.0,False
1086,tt0060138,Au hasard Balthazar,1966,95,19440.0,True
1106,tt0060666,Mánớs: Thé Hánds ớf Fáté,1966,70,35858.0,False
1118,tt0061132,The Hawks and the Sparrows,2007,89,4609.0,True
1120,tt0061162,"War and Peace, Part II: Natasha Rostova",1966,98,1414.0,True
1128,tt0061395,Belle de Jour,1967,100,42825.0,True
1151,tt0061709,Day of Anger,1967,111,4590.0,True
1160,tt0061814,The Incident,1967,107,3929.0,True
1174,tt0062228,Our Folks,1967,81,3450.0,True
1203,tt0063050,Thé Héárt Is á Lớnély Húntér,1968,123,3915.0,True
1205,tt0063135,Inspéctớr Clớúséáú,1968,96,0.0,False
1231,tt0063790,Vớyágé tớ thé Plánét ớf Préhistớric Wớmén,1968,78,0.0,False
1234,tt0063876,Bớy,2007,105,1569.0,True
1254,tt0064451,A Touch of Zen,2007,200,5981.0,True
1276,tt0065234,Z,1969,127,26606.0,True
1279,tt0065417,Days and Nights in the Forest,1970,115,0.0,True
1290,tt0065724,Fivé Éásy Piécés,1970,98,0.0,True
1296,tt0065955,Á Lớvé Stớry,2007,115,6589.0,True
1314,tt0066491,Tristana,1970,99,11421.0,True
1318,tt0066516,Valerie and Her Week of Wonders,2007,77,9325.0,True
1345,tt0067047,Emil of Lonneberga,1971,95,4084.0,True
1353,tt0067164,Guddi,1971,121,1071.0,True
1382,tt0067927,Vanishing Point,1971,99,28045.0,True
1392,tt0068205,Love in the Afternoon,1972,97,7639.0,True
1416,tt0068659,Greaser's Palace,2007,91,1036.0,False
1445,tt0069452,Walter Defends Sarajevo,1972,133,2487.0,True
1448,tt0069530,Z.P.G.,1972,97,1405.0,False
1469,tt0070212,The Iceman Cometh,1973,239,1580.0,True
1502,tt0071198,The Bat People,1974,93,2475.0,False
1517,tt0071622,The Clockmaker of St. Paul,1974,105,2407.0,True
1530,tt0072263,Ten Little Indians,1974,105,0.0,False
1548,tt0072934,A Pain in the Ass,1973,85,3125.0,True
1552,tt0072979,Female Trouble,1974,89,8991.0,True
1587,tt0074279,Cannonball!,1976,93,4547.0,False
1591,tt0074312,Chinese Roulette,1976,86,4029.0,True
1596,tt0074441,The Duchess and the Dirtwater Fox,1976,103,1803.0,False
1599,tt0074475,Embryo,1976,104,0.0,False
1612,tt0074633,Hollywood Boulevard,1976,83,1220.0,False
1621,tt0074860,Marathon Man,1976,125,61375.0,True
1628,tt0075002,The Olsen Gang Sees Red,1976,100,2156.0,True
1636,tt0075268,Stáy Húngry,2007,102,4377.0,False
1641,tt0075656,Thé Álién Fáctớr,1978,80,1031.0,False
1668,tt0076245,Julia,2007,117,9341.0,True
1680,tt0076709,Game of Death II,1980,96,3131.0,False
1702,tt0077372,Corvette Summer,1978,105,3059.0,False
1707,tt0077474,Thé Drivér,1978,91,15646.0,True
1712,tt0077651,Halloween,1978,91,260115.0,True
1713,tt0077655,Last Hurrah for Chivalry,1979,106,0.0,True
1726,tt0078087,Piranha,1978,94,20905.0,False
1745,tt0078784,A Respectable Life,1979,102,1140.0,True
1748,tt0078846,Bénéáth thé Válléy ớf thé Últrá-Vixéns,1979,93,3035.0,False
1750,tt0078875,The Tin Drum,1979,142,23497.0,True
1759,tt0079117,Escape to Athena,1979,125,4970.0,False
1768,tt0079510,Thé Máin Évént,1979,112,0.0,False
1773,tt0079596,My Brilliant Career,1979,100,4201.0,True
1777,tt0079764,Five Evenings,1979,108,1227.0,True
1781,tt0079855,Savage Weekend,1979,88,1540.0,False
1790,tt0080117,The Wanderers,1979,112,10769.0,True
1809,tt0080707,The Exterminator,1980,104,5399.0,False
1812,tt0080853,The Hearse,1980,99,2034.0,False
1847,tt0082222,Man of Iron,1981,156,3330.0,True
1867,tt0082528,Hot Bubblegum,1981,90,0.0,False
1872,tt0082694,The Road Warrior,1981,96,174374.0,True
1879,tt0082755,Teddy Bear,1981,111,5813.0,True
1901,tt0083203,Time for Revenge,1981,112,0.0,True
1914,tt0083591,Attack Force Z,1981,93,2383.0,False
1919,tt0083743,La colmena,2007,112,1016.0,True
1930,tt0083972,Friday the 13th Part III,1982,95,0.0,False
1933,tt0084028,Absurd,1981,96,2816.0,False
1936,tt0084133,The Incubus,2007,93,0.0,False
1957,tt0084628,Sans Soleil,1983,104,10484.0,True
1961,tt0084667,Shakti,1982,166,0.0,True
1975,tt0084865,Victor Victoria,1982,134,20746.0,True
1976,tt0084887,Báttlétrúck,1982,91,1298.0,False
1993,tt0085384,Curse of the Pink Panther,1983,109,5903.0,False
2009,tt0085748,"Jára Cimrman Lying, Sleeping",1983,81,1018.0,True
2042,tt0086319,The Snowdrop Festivities,1984,83,1456.0,True
2058,tt0086543,The 4th Man,1983,102,7596.0,True
2060,tt0086567,WárGámés,1983,114,95954.0,True
2061,tt0086610,Xtrớ,1982,86,6760.0,False
2105,tt0087800,A Nightmare on Elm Street,1984,91,224613.0,True
2106,tt0087803,1984,1984,113,0.0,True
2124,tt0088241,Vớyágé tớ Cythérá,1984,120,2565.0,True
2125,tt0088247,The Terminator,1984,107,826119.0,True
2131,tt0088380,Warrior of the Lost World,1984,92,2641.0,False
2134,tt0088757,Avenging Angel,1985,93,1527.0,False
2145,tt0088967,Crimewave,1985,83,5585.0,False
2147,tt0089002,Death Warmed Up,1984,82,1194.0,False
2155,tt0089271,The Adventures of Hercules,1985,88,1359.0,False
2163,tt0089421,King Solomon's Mines,1985,100,13252.0,False
2164,tt0089501,Screwballs II,1985,92,1310.0,False
2165,tt0089560,Mask,1985,120,27829.0,True
2177,tt0089748,When Father Was Away on Business,1985,136,0.0,True
2187,tt0089957,Samaya obayatelnaya i privlekatelnaya,1985,81,1773.0,True
2192,tt0090073,Stick,1985,109,2031.0,False
2212,tt0090753,Blúé City,1986,83,1186.0,False
2216,tt0090888,Crossroads,1986,99,15455.0,True
2252,tt0091653,Nothing in Common,1986,118,6929.0,False
2277,tt0092288,The Zero Boys,1986,89,2396.0,False
2307,tt0092963,The Emperor's Naked Army Marches On,1987,122,1739.0,True
2343,tt0093593,On the Silver Globe,1988,166,3003.0,True
2346,tt0093713,Pelle the Conqueror,1987,157,0.0,True
2360,tt0093990,Slaughterhouse,1987,85,2061.0,False
2367,tt0094061,Stripped to Kill,1987,88,1387.0,False
2372,tt0094169,Tough Guys Don't Dance,1987,110,1483.0,False
2405,tt0094997,Demonia,1990,88,0.0,False
2420,tt0095302,High Hopes,1988,108,5055.0,True
2425,tt0095452,King Size,1988,105,2962.0,True
2440,tt0095800,The Bear,2007,96,17446.0,True
2442,tt0095889,Poltergeist III,1988,98,18156.0,False
2456,tt0096094,She's Having a Baby,1988,106,12554.0,False
2459,tt0096223,Tápéhéáds,1988,93,4053.0,False
2462,tt0096321,Twister,2007,93,0.0,False
2469,tt0096523,L'étudiante,1988,104,1965.0,False
2491,tt0097372,For All Mankind,1989,80,5548.0,True
2492,tt0097373,For Queen & Country,1988,105,2380.0,False
2501,tt0097534,Howling V: The Rebirth,1989,96,2565.0,False
2503,tt0097570,In Country,1989,120,2889.0,False
2509,tt0097727,A legényanya,1989,80,0.0,True
2519,tt0097911,Mớớntráp,1988,92,3298.0,False
2525,tt0098040,Otto - Der Außerfriesische,1989,92,2467.0,False
2532,tt0098189,The Journey to Melonia,1989,104,1325.0,True
2541,tt0098347,Slávés ớf Néw Yớrk,1989,124,1003.0,False
2542,tt0098350,Slipstream,1989,102,2612.0,False
2547,tt0098502,The Toxic Avenger Part III: The Last Temptation of Toxie,1989,102,4625.0,False
2556,tt0099142,BlackJack,1990,111,1503.0,False
2559,tt0099204,Cadillac Man,1990,97,14048.0,False
2566,tt0099399,Delta Force 2: The Colombian Connection,1990,111,7301.0,False
2567,tt0099441,Distúrbéd,1990,96,1851.0,False
2575,tt0099669,My Father's Glory,1990,105,6390.0,True
2580,tt0099739,Hard to Kill,1990,96,29150.0,False
2595,tt0100112,The Hairdresser's Husband,1990,82,9501.0,True
2606,tt0100405,Pretty Woman,1990,119,307984.0,True
2616,tt0100681,Everybody's Fine,1990,118,0.0,True
2630,tt0101428,The Beautiful Troublemaker,1991,238,7942.0,True
2643,tt0101675,Dead Space,1991,72,1074.0,False
2652,tt0101921,Fried Green Tomatoes,1991,130,71692.0,True
2663,tt0102343,Love Potion No. 9,1992,92,13889.0,False
2672,tt0102587,Only Yesterday,1991,118,30127.0,True
2683,tt0102910,Shock 'Em Dead,1991,93,1050.0,False
2686,tt0102943,Slacker,1990,97,21022.0,True
2688,tt0103010,Surviving Desire,1992,53,1531.0,True
2712,tt0103956,Child's Play 3,1991,90,39357.0,False
2714,tt0104014,Áll Ládiés Dớ It,1992,93,4600.0,False
2720,tt0104114,The Distinguished Gentleman,1992,112,0.0,False
2722,tt0104187,Encino Man,1992,88,39238.0,False
2740,tt0104761,Lotta på Bråkmakargatan,1992,74,1354.0,False
2761,tt0105287,Sex and Zen,1991,99,2344.0,False
2783,tt0105888,And Life Goes On,1992,95,5587.0,True
2795,tt0106438,Blue,1993,79,2188.0,True
2806,tt0106701,Dennis the Menace,1993,94,59722.0,False
2812,tt0106881,Féárléss,1993,122,0.0,True
2814,tt0106950,Fortress,1992,95,28439.0,False
2818,tt0107107,Hexed,1993,90,1667.0,False
2826,tt0107282,The Joy Luck Club,1993,139,0.0,True
2851,tt0107953,Return of the Living Dead III,1993,97,14898.0,False
2853,tt0108101,Shadowlands,1993,131,18289.0,True
2893,tt0109439,City Slickérs II: Thé Légénd ớf Cúrly's Gớld,1994,116,19187.0,False
2902,tt0109515,Cyber Tracker,1994,91,1274.0,False
2904,tt0109529,Dance Me Outside,1994,84,0.0,True
2912,tt0109783,The Favor,1994,97,2820.0,False
2916,tt0109830,Forrest Gump,1994,142,1932502.0,True
2921,tt0109959,Gunmen,1993,94,3535.0,False
2937,tt0110222,Kábhi Háán Kábhi Náá,1994,158,17964.0,True
2944,tt0110322,Legends of the Fall,1994,133,158354.0,True
2951,tt0110521,Mina Tannenbaum,1994,128,1029.0,True
2976,tt0111175,Shrunken Heads,1994,86,1342.0,False
2982,tt0111400,Terminal Velocity,1994,102,13512.0,False
2986,tt0111512,The Legend of Drunken Master,1994,102,44843.0,True
2999,tt0112453,Balto,2007,78,42057.0,True
3004,tt0112553,Bombay,1995,141,12268.0,True
3014,tt0112740,Crimsớn Tidé,1995,116,108499.0,True
3030,tt0113277,Heat,2007,170,616475.0,True
3032,tt0113429,"Institute Benjamenta, or This Dream That One Calls Human Life",1995,105,1853.0,True
3038,tt0113533,Bớrn tớ Bé Wild,1995,100,1524.0,False
3064,tt0113987,Nixon,1995,192,30228.0,True
3075,tt0114432,Hidden Assassin,2007,104,2184.0,False
3078,tt0114478,Smoke,2007,112,35503.0,True
3086,tt0114709,Tớy Stớry,1995,81,937386.0,True
3106,tt0115633,Bastard Out of Carolina,1996,98,0.0,True
3111,tt0115676,Big Bully,1996,90,4961.0,False
3133,tt0116231,The Bandit,1996,128,68360.0,True
3144,tt0116405,Getting Away with Murder,2007,91,1370.0,False
3145,tt0116407,Gháták: Léthál,1996,158,3528.0,True
3147,tt0116480,Hamsun,1996,159,1558.0,True
3171,tt0116897,Littlé Witchés,2007,90,0.0,False
3185,tt0117260,Original Gangstas,1996,99,1721.0,False
3206,tt0117723,Spy Hard,1996,81,37349.0,False
3216,tt0117913,A Time to Kill,1996,149,145215.0,True
3224,tt0118138,Werner - Das muss kesseln!!!,1996,85,3158.0,False
3236,tt0118750,Booty Call,1997,79,8727.0,False
3239,tt0118788,Lucky Star,1997,110,2434.0,True
3241,tt0118818,Career Girls,1997,83,0.0,True
3267,tt0119215,Good Burger,1997,95,28183.0,False
3281,tt0119385,Iruvar,1997,140,5767.0,True
3284,tt0119448,Cháráctér,1997,122,0.0,True
3288,tt0119522,Letters from a Killer,1998,104,2293.0,False
3314,tt0120112,She's So Lovely,1997,100,0.0,False
3320,tt0120177,Spáwn,1997,96,66753.0,False
3333,tt0120522,Winter Sleepers,1997,122,4449.0,True
3354,tt0120753,The Million Dollar Hotel,2000,122,21369.0,False
3362,tt0120851,Sweepers,1998,96,1777.0,False
3389,tt0125301,Who Wants to Kill Jessie?,1966,80,1026.0,True
3397,tt0126859,The Loss of Sexual Innocence,1999,106,3248.0,False
3466,tt0140090,Guna,1991,167,2638.0,True
3484,tt0143338,Killer Crocodile,1989,90,1230.0,False
3492,tt0144120,Bride of Chucky,1998,89,56463.0,False
3513,tt0150915,Hilary and Jackie,1998,121,10154.0,True
3525,tt0155796,Dr. Akagi,1998,129,1532.0,True
3535,tt0157075,The Suburbans,1999,81,2359.0,False
3542,tt0158714,Lady Snowblood,2007,97,13597.0,True
3549,tt0161942,Revelation,1999,98,1008.0,False
3560,tt0163579,Chill Factor,1999,102,9595.0,False
3565,tt0164221,Virtúál Séxúálity,2007,92,0.0,False
3566,tt0164756,Mifúné,1999,98,7742.0,True
3576,tt0165831,Held Up,1999,89,3754.0,False
3581,tt0166195,Foolish,1999,84,0.0,False
3585,tt0166476,Toxic Love,1983,90,1148.0,True
3587,tt0166813,Spirit: Stallion of the Cimarron,2002,83,72182.0,True
3596,tt0167947,Gállớ cédrớné,1998,93,1111.0,False
3610,tt0171356,Gun Shy,2000,101,7351.0,False
3624,tt0174685,Girl in Gold Boots,1968,94,3792.0,False
3654,tt0181151,What Planet Are You From?,2000,105,9390.0,False
3673,tt0185183,Battlefield Earth,2000,118,79165.0,False
3676,tt0185584,Peculiarities of the National Fishing,1998,94,3571.0,True
3679,tt0186730,It All Starts Today,1999,117,2628.0,True
3681,tt0187227,Láádlá,1994,169,1217.0,False
3691,tt0188863,Love Stinks,1999,94,5199.0,False
3692,tt0189153,Wheels,2007,92,2408.0,True
3693,tt0189541,Gábriélá,2001,93,1586.0,False
3729,tt0200309,The Tale of Zatoichi Continues,2007,72,2366.0,True
3730,tt0200469,Bats,1999,91,10349.0,False
3745,tt0204626,The Watcher,2007,97,26761.0,False
3770,tt0211443,Jásớn X,2001,92,54497.0,False
3771,tt0211900,Actors,2007,103,1168.0,False
3783,tt0214841,Karz,2007,159,2227.0,True
3796,tt0218043,Beyond the Mat,1999,102,9005.0,True
3803,tt0220757,Shool,2007,138,3225.0,True
3807,tt0222150,The Waiting List,2000,105,1214.0,True
3814,tt0226872,Female Prisoner #701: Scorpion,1972,87,3923.0,True
3823,tt0230600,The Others,2001,101,353823.0,True
3826,tt0233234,Land of Fear,2007,142,0.0,True
3832,tt0233841,Baran,2001,94,8242.0,True
3877,tt0243133,The Man Who Wasn't There,2001,116,107407.0,True
3891,tt0245803,Búllétprớớf Mớnk,2003,104,49923.0,False
3911,tt0248845,Hedwig and the Angry Inch,2007,95,34784.0,True
3913,tt0249047,Namukku Parkkan Munthiri Thoppukal,1986,137,2316.0,True
3953,tt0254686,The Piano Teacher,2001,131,60724.0,True
3957,tt0255373,Midhunam,1993,147,1214.0,True
3992,tt0263269,Dévlérin Áski,1976,80,1142.0,True
4002,tt0265029,America's Sweethearts,2001,102,57151.0,False
4011,tt0265808,Stealing Harvard,2002,85,12962.0,False
4013,tt0266408,Chiná Striké Fớrcé,2000,103,0.0,False
4030,tt0269410,Jönssonligan spelar högt,2000,92,1719.0,False
4031,tt0269604,Naken,2000,94,1908.0,False
4043,tt0271200,Soul Assassin,2001,96,0.0,False
4055,tt0273799,Max Keeble's Big Move,2001,86,7956.0,False
4058,tt0275083,The Warrior,2001,158,10916.0,True
4061,tt0275491,Bád Édúcátiớn,2007,106,58098.0,True
4062,tt0275692,Sol Goode,2003,99,1212.0,False
4077,tt0279889,Joe Somebody,2001,98,10437.0,False
4081,tt0280424,Ámy's Ớrgásm,2001,87,1849.0,False
4083,tt0280460,The Banger Sisters,2002,98,16372.0,False
4088,tt0280696,Garage Days,2002,105,2801.0,False
4118,tt0285728,Dahmer,2002,101,10072.0,False
4130,tt0288243,Taboo,2002,80,1885.0,False
4142,tt0291003,Behind the Sun,2001,105,7049.0,True
4143,tt0291032,Balzac and the Little Chinese Seamstress,2002,110,0.0,True
4154,tt0293007,Carandiru,2003,145,19219.0,True
4163,tt0295427,The Master of Disguise,2002,80,24590.0,False
4172,tt0298814,The Core,2003,135,97020.0,False
4186,tt0301555,God Grew Tired of Us,2007,89,2817.0,True
4192,tt0302886,Old School,2007,88,224196.0,True
4204,tt0304722,Skinned Deep,2004,97,1658.0,False
4238,tt0311110,It Rúns in thé Fámily,2003,109,4920.0,False
4248,tt0313573,Selamsiz's Band,2007,107,3636.0,True
4255,tt0314589,Romantik,2007,100,1403.0,False
4272,tt0317842,Broken Wings,2002,87,2417.0,True
4282,tt0320097,Hum Kisi Se Kum Nahin,2002,161,0.0,False
4289,tt0323033,Laws of Attraction,2004,90,22997.0,False
4291,tt0323872,Kitchen Stories,2003,95,8247.0,True
4292,tt0325005,Antikiller,2002,114,1570.0,False
4294,tt0325710,Thé Lást Sámúrái,2003,154,419497.0,True
4299,tt0326746,Baba,2002,179,2069.0,False
4309,tt0327597,Coraline,2009,100,0.0,True
4333,tt0332280,The Notebook,2004,123,546078.0,True
4348,tt0337674,Méán Spirit,2003,90,1011.0,False
4354,tt0338216,Lucky You,2007,124,20459.0,False
4361,tt0339079,Gone,2007,80,1362.0,True
4363,tt0339334,Sprung! The Magic Roundabout,2007,85,3293.0,False
4391,tt0347246,Ghost in the Shell 2: Innocence,2004,100,37604.0,True
4397,tt0349047,(T)Raumschiff Surprise - Periode 1,2004,87,15303.0,False
4401,tt0349703,Kyun! Ho Gaya Na...,2004,165,0.0,False
4407,tt0350258,Ray,2004,152,143893.0,True
4414,tt0353324,The Crow: Wicked Prayer,2005,99,8825.0,False
4447,tt0361818,Kushi,2000,178,5229.0,True
4459,tt0363226,The Blind Swordsman: Zatoichi,2003,116,48820.0,True
4465,tt0364751,Withớút á Páddlé,2004,95,45934.0,False
4496,tt0368913,Osama,2007,83,8995.0,True
4502,tt0369359,Dead Meat,2004,80,2270.0,False
4503,tt0369436,Four Christmases,2008,88,69128.0,False
4509,tt0371280,Crimson Gold,2003,97,4698.0,True
4510,tt0372237,Gúéss Whớ,2005,105,41840.0,False
4515,tt0372909,Fallo!,2003,120,2617.0,False
4535,tt0375782,"Gone, But Not Forgotten",2003,94,2252.0,False
4543,tt0376649,The Hillside Strangler,2004,98,1870.0,False
4551,tt0377643,Chinthavishtayaya Shyamala,1998,158,1417.0,True
4553,tt0377744,A Day Without a Mexican,2004,100,3125.0,False
4554,tt0377752,Dear Frankie,2004,105,21619.0,True
4577,tt0381361,The Last Sign,2007,91,0.0,False
4583,tt0381838,...ing,2003,104,2187.0,True
4594,tt0382898,The Basque Ball: Skin Against Stone,2003,110,1088.0,True
4608,tt0385351,Yeh Lamhe Judaai Ke,2004,188,1703.0,False
4631,tt0388183,King's Ransom,2005,95,3772.0,False
4644,tt0390109,I Like Killing Flies,2007,80,1208.0,True
4645,tt0390123,In the Realms of the Unreal,2004,81,2150.0,True
4653,tt0392591,Suddenly Paradise,2003,93,1227.0,False
4695,tt0402294,Iznogoud- Caliph Instead of the Caliph,2005,95,1798.0,False
4696,tt0402406,The Nomi Song,2004,98,1069.0,True
4704,tt0403933,Chasing Ghosts,2005,119,0.0,False
4705,tt0404163,Even Money,2006,113,4502.0,False
4712,tt0405977,Chaos,2005,74,2152.0,False
4728,tt0408777,Thé Édúkátớrs,2004,127,31397.0,True
4734,tt0410097,Hustle & Flow,2005,116,39929.0,True
4746,tt0412535,The Brice Man,2005,98,6798.0,False
4747,tt0412922,Little Manhattan,2005,84,23381.0,True
4750,tt0413879,Cáké,2005,94,3880.0,False
4763,tt0415978,Me and You and Everyone We Know,2005,91,36074.0,True
4783,tt0420206,Summer Storm,2007,98,13777.0,True
4795,tt0421625,Istanbul Tales,2005,99,6518.0,True
4802,tt0422401,Hatchet,2006,93,30463.0,False
4806,tt0422779,Murder-Set-Pieces,2004,105,4234.0,False
4843,tt0427229,Failure to Launch,2006,97,0.0,False
4848,tt0427910,Trip Out,2005,93,1276.0,False
4860,tt0430308,Get Rich or Die Tryin',2005,117,46048.0,False
4861,tt0430381,Musafir,2004,151,1790.0,False
4863,tt0430589,Shaadi Karke Phas Gaya Yaar,2007,152,1232.0,False
4866,tt0430779,Everyone's Hero,2006,87,8635.0,False
4869,tt0432291,Thé Fớg,2005,100,36406.0,False
4886,tt0436629,Néw Yớrk Dớll,2005,75,1745.0,True
4892,tt0437954,Virgin Territory,2007,97,7847.0,False
4903,tt0439884,A World Without Thieves,2004,113,0.0,True
4917,tt0443649,"10,000 BC",2008,109,128668.0,False
4918,tt0443708,Page 3,2005,139,0.0,True
4920,tt0444505,Torrente 3: El protector,2005,91,5736.0,False
4923,tt0445336,"You, the Living",2007,95,15207.0,True
4932,tt0446476,Stớrm,2005,110,2676.0,False
4942,tt0449662,Tu pa tam,2004,92,1124.0,True
4953,tt0451094,Lady Vengeance,2005,115,76244.0,True
4997,tt0459924,Paragraph 78,2007,88,1998.0,False
4999,tt0460505,The Rocket,2007,124,5211.0,True
5005,tt0461703,Skinwalkers,2007,110,13290.0,False
5014,tt0462477,Pierrepoint: The Last Hangman,2005,90,5245.0,True
5020,tt0463960,Thé Dévil Yớú Knớw,2007,76,1761.0,False
5021,tt0464061,I'm Reed Fish,2006,93,4329.0,False
5026,tt0465967,Dobrinya and the Dragon,2006,68,2038.0,True
5032,tt0466766,Drive Thru,2007,83,4352.0,False
5034,tt0467110,Underdog,2007,100,21244.0,False
5038,tt0468565,Tsotsi,2005,95,28336.0,True
5043,tt0469062,Danika,2005,80,3662.0,False
5045,tt0469494,There Will Be Blood,2007,158,552247.0,True
5059,tt0473360,Goal II: Living the Dream,2007,115,0.0,False
5068,tt0475169,13,2005,93,17270.0,True
5078,tt0475998,The Pirates Who Don't Do Anything: A VeggieTales Movie,2008,85,2807.0,False
5088,tt0477253,Aashiq Banaya Aapne: Love Takes Over,2005,115,1628.0,False
5098,tt0478394,The Substitute,2007,93,3287.0,False
5106,tt0479879,Chasing Ghosts: Beyond the Arcade,2007,90,1387.0,True
5113,tt0481280,Live Feed,2006,77,1579.0,False
5125,tt0484111,The Good Night,2007,93,8422.0,False
5176,tt0493404,Brotherhood of Blood,2007,88,3297.0,False
5185,tt0494724,1 Litre of Tears,2005,98,0.0,True
5189,tt0494864,Téndérnéss,2009,101,7824.0,False
5198,tt0498097,Climates,2006,98,0.0,True
5206,tt0499101,The Free Will,2006,163,3153.0,True
5207,tt0499262,Takva: A Man's Fear of God,2006,96,12536.0,True
5212,tt0499570,Slipstream,2007,96,4757.0,False
5218,tt0758742,Death Note,2006,126,0.0,True
5221,tt0758771,Outlaw,2007,103,12464.0,False
5226,tt0762073,Thirst,2009,134,45226.0,True
5229,tt0762114,License to Wed,2007,91,38958.0,False
5244,tt0770810,How She Move,2007,94,6700.0,False
5252,tt0780485,Blood Car,2007,82,2536.0,False
5253,tt0780486,Blue State,2007,88,2340.0,False
5262,tt0783233,Atonement,2007,123,266052.0,True
5265,tt0783695,Broken Sky,2006,140,1188.0,False
5281,tt0795368,Death at a Funeral,2007,90,113227.0,True
5282,tt0795370,Le deuxième souffle,2007,155,0.0,False
5297,tt0804443,Asylum,2008,93,3654.0,False
5301,tt0805188,Marilena from P7,2006,48,1982.0,True
5318,tt0810945,Live!,2007,96,4977.0,False
5319,tt0811066,Shootout at Lokhandwala,2007,122,9958.0,True
5336,tt0817225,Secret Sunshine,2007,142,7923.0,True
5348,tt0823668,Screamers,2006,89,1551.0,False
5352,tt0825244,Conversations with My Gardener,2007,109,3464.0,True
5356,tt0827503,The Magician,2006,122,31821.0,True
5389,tt0845439,Fireworks Wednesday,2006,102,11417.0,True
5403,tt0857300,Ánánd,2004,180,2026.0,True
5425,tt0875595,Destiny,2006,103,13473.0,True
5429,tt0881320,Sanctum,2011,108,55055.0,False
5439,tt0889134,Finding Amanda,2008,96,3394.0,False
5446,tt0892767,Horsemen,2009,90,22292.0,False
5459,tt0902967,The Crimson Wing: Mystery of the Flamingos,2008,78,0.0,True
5460,tt0903624,The Hobbit: An Unexpected Journey,2012,169,787353.0,True
5462,tt0907119,Glớss,2007,118,1063.0,False
5465,tt0907657,Once,2007,86,114190.0,True
5480,tt0920458,Flame & Citron,2008,130,18439.0,True
5496,tt0934459,The Hitchhiker,2007,86,1074.0,False
5506,tt0948547,Wingéd Créátúrés,2008,100,7129.0,False
5514,tt0959306,Reach Me,2014,95,2863.0,False
5535,tt0976238,Old Dogs,2009,88,37456.0,False
5538,tt0977648,Every Little Step,2008,96,1560.0,True
5543,tt0979434,Lottery Ticket,2010,99,10905.0,False
5552,tt0984202,Kadhal Kottai,1996,167,2016.0,True
5605,tt1016241,Splintered,2010,85,1051.0,False
5622,tt10230404,Ghost Stories,2020,144,4984.0,False
5640,tt10289996,The Black Godfather,2007,118,1289.0,True
5642,tt1029231,Krrish 3,2013,152,22073.0,False
5665,tt1034320,Private Valentine: Blonde & Dangerous,2008,98,4171.0,False
5668,tt10350626,Gunjan Saxena: The Kargil Girl,2020,112,33982.0,False
5677,tt10413566,Tolo Tolo,2020,90,3154.0,False
5684,tt1046163,My Best Friend's Girl,2008,101,43712.0,False
5701,tt1052040,Sévénth Mớớn,2008,87,0.0,False
5716,tt10569922,Búnty Áúr Bábli 2,2021,138,1390.0,False
5721,tt1058601,Buddenbrooks,2008,151,1496.0,False
5727,tt10633456,Minari,2020,115,66123.0,True
5729,tt10644282,Shylock,2020,130,2222.0,False
5732,tt1065106,Pigs,2007,85,3473.0,False
5748,tt1072748,Winchester,2007,99,0.0,False
5761,tt1078188,Bớy Á,2007,102,37258.0,True
5763,tt1078940,Couples Retreat,2009,113,105658.0,False
5782,tt1087853,Gúttérbálls,2008,96,3355.0,False
5793,tt10915286,Tell Me Who I Am,2019,86,13237.0,True
5797,tt1092005,Golmaal Returns,2008,135,7643.0,False
5805,tt1094627,Buddha Collapsed Out of Shame,2007,81,2149.0,True
5833,tt1105721,Chirutha,2007,117,1981.0,False
5837,tt11073148,Boomika,2021,123,2420.0,False
5844,tt11127256,Choke,2020,73,5063.0,False
5856,tt11188624,Seance,2021,92,2343.0,False
5871,tt1125188,Frayed,2007,111,1392.0,False
5872,tt1125254,Dragon Ball Z: Cooler's Revenge,1991,47,6940.0,True
5905,tt1133935,Detective Conan: Crossroad in the Ancient Capital,2003,108,1796.0,True
5918,tt11374902,Doctor,2021,148,11977.0,True
5919,tt11376010,People Just Do Nothing: Big in Japan,2021,97,0.0,True
5928,tt11394168,Be Water,2020,105,1411.0,True
5934,tt1139797,Let the Right One In,2007,114,211867.0,True
5955,tt1151309,Bigger Stronger Faster*,2008,105,13404.0,True
5958,tt1151911,Cornered!,2009,87,1288.0,False
5965,tt11529348,5Gang,2019,100,2696.0,False
5982,tt1160317,Death of a Ghost Hunter,2007,107,0.0,False
5993,tt1163752,"It's Not Me, I Swear!",2008,110,2254.0,True
5994,tt11649338,Black Friday,2021,84,2975.0,False
6006,tt1170404,Mere Baap Pehle Aap,2007,163,2175.0,False
6011,tt1172963,Lemon Tree,2008,106,6493.0,True
6019,tt11755300,Golondaaj,2021,150,1409.0,True
6021,tt11763296,Decrypted,2021,112,1489.0,True
6024,tt11771006,Birds of Paradise,2021,113,1630.0,False
6025,tt11778272,Crớck ớf Gớld: Á Féw Rớúnds with Sháné MácGớwán,2020,124,1192.0,True
6029,tt11792734,Leyla Everlasting,2007,112,7296.0,False
6038,tt1183946,The Stoneman Murders,2009,95,3036.0,True
6041,tt1185836,Adam,2009,99,34241.0,True
6059,tt1191138,Thớdá Pyáár Thớdá Mágic,2008,145,2501.0,False
6065,tt1194437,Rats and Cats,2007,87,1582.0,False
6067,tt1194624,The Sniper,2009,90,2116.0,False
6070,tt11953628,Máská,2007,111,0.0,False
6077,tt11989890,David Attenborough: A Life on Our Planet,2020,83,29945.0,True
6086,tt1205071,Paintball,2009,86,2544.0,False
6088,tt1206326,"One Piece: Episode of Chopper Plus - Bloom in the Winter, Miracle Sakura",2008,113,0.0,True
6091,tt1210071,The Janky Promoters,2009,85,1496.0,False
6095,tt1211837,Doctor Strange,2016,115,658339.0,True
6100,tt12154638,Just Say Yes,2021,97,1802.0,False
6120,tt1229786,The Ghost Train of Manggarai,2008,89,1220.0,False
6136,tt12358104,Two,2021,70,1106.0,False
6138,tt1235841,Sidewalls,2011,95,14738.0,True
6147,tt12399056,Bloodthirsty,2020,84,1067.0,False
6153,tt1241329,The River Why,2010,101,3362.0,False
6159,tt1244093,Hisss,2010,98,1765.0,False
6160,tt1244666,Fish Story,2009,113,2990.0,True
6179,tt1260365,Ớn thé Insidé,2011,95,2056.0,False
6190,tt12642180,Ram Singh Charlie,2020,104,1458.0,True
6199,tt1268970,The Last Rites of Ransom Pride,2010,83,1006.0,False
6210,tt1275861,Under the Mountain,2009,90,0.0,False
6215,tt1277737,The Stoning of Soraya M.,2008,116,0.0,True
6229,tt1285016,The Social Network,2010,120,662599.0,True
6233,tt1286129,The Goal of My Life,2008,99,2913.0,False
6237,tt1286159,The Year I Became a Liar,2009,102,1816.0,True
6243,tt1288637,Il cosmo sul comò,2008,100,2243.0,False
6252,tt1291547,Áftér Pớrn Énds,2012,94,7798.0,False
6256,tt1293751,Casting By,2012,89,1541.0,True
6265,tt12987894,American Murder: The Family Next Door,2007,83,24258.0,True
6278,tt1307873,The Big Bang,2010,101,7061.0,False
6279,tt1307963,Let's Make Money,2008,110,1719.0,True
6281,tt1308729,Bullet to the Head,2012,92,49111.0,False
6282,tt1309000,Dream.net,2009,90,9470.0,False
6289,tt1313139,The Oranges,2007,90,12849.0,False
6292,tt1314177,Damage,2009,102,0.0,False
6305,tt1323044,Freeloaders,2012,77,1663.0,False
6320,tt1331025,The September Issue,2009,90,7640.0,True
6322,tt1331307,Dread,2009,98,12211.0,False
6342,tt13423846,321 Action,2020,100,9412.0,False
6345,tt13429362,In the Earth,2021,107,5909.0,False
6357,tt1346516,"That's It, That's All.",2008,63,1070.0,True
6390,tt1369571,I Ám Féár,2020,87,1515.0,False
6392,tt1370212,My Only Sunshine,2007,121,3290.0,True
6424,tt1395054,Once Upon a Time in Mumbaai,2007,134,17226.0,True
6429,tt1397492,Well Done Abba!,2009,144,1831.0,True
6431,tt1397514,Journey 2: The Mysterious Island,2012,94,99353.0,False
6432,tt1398426,Straight Outta Compton,2015,147,191030.0,True
6444,tt1405810,Loose Cannons,2010,110,12314.0,True
6445,tt1407049,Altitude,2010,90,10130.0,False
6464,tt1422032,Even the Rain,2010,103,13292.0,True
6484,tt1431240,Deportees 2,2009,114,3233.0,False
6491,tt1434447,Rocket Singh: Salesman of the Year,2009,150,19965.0,True
6496,tt1438216,Oranges and Sunshine,2010,105,5438.0,True
6508,tt1447972,StreetDance 3D,2010,98,11240.0,False
6512,tt1452628,Vanishing on 7th Street,2010,92,0.0,False
6522,tt14598754,Honsla Rakh,2021,145,6380.0,True
6526,tt1464174,"Big Mommas: Like Father, Like Son",2007,107,26743.0,False
6539,tt1477715,This Is It,2009,111,39859.0,True
6545,tt14810692,Escape from Mogadishu,2021,121,0.0,True
6549,tt1484114,Reel Injun,2009,85,1444.0,True
6555,tt14868676,Ravana Lanka,2021,99,0.0,True
6559,tt1488163,Trash Humpers,2009,78,4746.0,False
6563,tt1490759,Unresolved Sexual Tension,2010,93,1270.0,False
6569,tt1496422,The Paperboy,2012,107,37169.0,False
6588,tt1510274,Lyubov v bolshom gorode 2,2010,89,0.0,False
6601,tt1520498,The Oogieloves in the Big Balloon Adventure,2012,88,15292.0,False
6607,tt1523485,Kill Katie Malone,2010,88,1237.0,False
6610,tt1526284,Ay Lav Yu,2010,102,4746.0,False
6616,tt1529252,The Man Next Door,2009,110,3406.0,True
6631,tt1537401,Léáp Yéár,2010,94,2505.0,False
6640,tt15412176,"Next Stop, Christmas",2007,84,1235.0,True
6652,tt15528002,Vinodhaya Sitham,2021,97,1219.0,True
6714,tt1589427,Ev,2010,94,1040.0,False
6720,tt1592527,The Black Power Mixtape 1967-1975,2011,100,2312.0,True
6721,tt1594917,Age of the Dragons,2011,91,4404.0,False
6725,tt1600196,The Drop,2014,106,148772.0,True
6734,tt1602613,Only God Forgives,2013,90,110556.0,False
6744,tt1609168,Vinnaithaandi Varuvaayaa,2010,157,5595.0,True
6754,tt1613750,Kon-Tiki,2012,118,47975.0,True
6776,tt1629715,Miss Lovely,2012,113,12578.0,True
6790,tt1640711,A Few Best Men,2011,97,12983.0,False
6818,tt1658820,Sket,2011,83,1594.0,False
6824,tt1663202,The Revenant,2007,156,0.0,True
6843,tt1670345,Nớw Yớú Séé Mé,2007,115,627200.0,True
6852,tt1680019,Tilt,2010,94,3470.0,True
6860,tt1684548,Axe Giant: The Wrath of Paul Bunyan,2013,90,1202.0,False
6875,tt1699135,The Reunion,2007,90,2932.0,False
6877,tt1701976,Úrbánizéd,2011,85,2246.0,True
6886,tt1706620,Snowpiercer,2013,126,344659.0,True
6888,tt1707392,Lovely Molly,2011,100,9630.0,False
6910,tt1721677,Fastest,2007,111,2304.0,True
6929,tt1730687,Darling Companion,2012,103,3428.0,False
6934,tt1735839,Any Questions for Ben?,2012,114,1684.0,False
6952,tt1754656,The Little Prince,2015,108,0.0,True
6963,tt1767319,In thé Námé ớf thé King: Twớ Wớrlds,2011,96,4893.0,False
6964,tt1767382,Silent House,2011,86,22546.0,False
6967,tt1772872,Game,2011,135,2276.0,False
6992,tt1790867,The Other F Word,2011,98,1973.0,True
7000,tt1797346,1915 Armenian Genocide,2010,60,2007.0,False
7005,tt1800372,Cool Kids Don't Cry,2012,96,3368.0,True
7006,tt1801071,Séé Yớú in Mớntévidéớ,2014,141,7017.0,True
7011,tt1806975,Never Open the Door,2014,64,1669.0,False
7012,tt1807022,Súpér,2010,140,2255.0,True
7031,tt1821480,Káhááni,2012,122,0.0,True
7038,tt1825683,Black Panther,2018,134,690330.0,True
7052,tt1832516,Supernatural Activity,2007,92,1014.0,False
7085,tt1859438,Á Littlé Thing Cálléd Lớvé,2010,118,5099.0,True
7133,tt1920849,Bachelorette,2012,87,46517.0,False
7134,tt1921149,Trásh,2007,114,21336.0,True
7156,tt1935194,Overdrive,2007,93,14120.0,False
7158,tt1935896,Thé ÁBCs ớf Déáth,2012,129,18875.0,False
7162,tt1937339,Súnny,2011,124,5597.0,True
7168,tt1946502,UglyDolls,2019,87,6554.0,False
7174,tt1954258,Balas & Bolinhos: O Último Capítulo,2007,129,0.0,True
7186,tt1969959,Box Office 3D: The Filmest of Films,2011,90,1218.0,False
7187,tt1971514,Salvo,2013,110,1236.0,False
7191,tt1979319,Rurouni Kenshin Part I: Origins,2012,134,24787.0,True
7204,tt1992258,Tower Block,2012,90,5435.0,False
7210,tt1999192,Kevin Hart: Laugh at My Pain,2011,89,6024.0,True
7214,tt2006721,Divorce Invitation,2012,110,1505.0,False
7216,tt2007387,The Front Line,2011,133,6354.0,True
7231,tt2034761,Journey to the Christmas Star,2012,80,1391.0,False
7239,tt2043887,Insectula!,2007,101,0.0,False
7241,tt2043979,Rose,2011,90,3539.0,True
7246,tt2053423,Revenge for Jolly!,2007,81,1487.0,False
7254,tt2061822,Devil Seed,2012,108,2330.0,False
7264,tt2069100,The Third Half,2012,113,8254.0,True
7304,tt2104994,Steve Jobs: The Lost Interview,2012,70,1823.0,True
7313,tt2111478,Mea Maxima Culpa: Silence in the House of God,2012,106,3788.0,True
7325,tt2120152,The Invisible War,2012,93,6851.0,True
7331,tt2125666,Thé Qúéén ớf Vérsáillés,2007,103,12984.0,True
7360,tt2176690,Thé Sméll ớf Ús,2014,92,1597.0,False
7376,tt2181298,The Village,2015,82,2714.0,False
7396,tt2194599,Kokowääh 2,2013,122,3961.0,False
7398,tt2194826,The Barber,2007,95,2537.0,False
7399,tt2201221,Some Girl(S),2013,90,3628.0,False
7414,tt2213054,Kai Po Che,2013,130,35709.0,True
7421,tt2220408,Vai que dá Certo,2013,110,1316.0,False
7423,tt2221648,Return to Nim's Island,2013,90,1777.0,False
7428,tt2226519,Plush,2013,99,3877.0,False
7431,tt2229848,Chashme Baddoor,2013,121,0.0,False
7442,tt2240784,Planet Ocean,2012,94,1491.0,True
7461,tt2265171,Thé Ráid 2,2014,150,119500.0,True
7462,tt2265179,Blood Brother,2007,92,1637.0,True
7465,tt2265539,Second Show,2012,126,0.0,True
7467,tt2268016,Magic Mike XXL,2015,115,54584.0,False
7479,tt2282829,Kac Wawa,2012,97,1037.0,False
7481,tt2283748,OMG: Oh My God!,2012,125,55900.0,True
7483,tt2290709,The Appearing,2014,92,1441.0,False
7486,tt2292959,The Canyons,2013,99,11234.0,False
7487,tt2293750,Scorned,2013,86,2279.0,False
7507,tt2310332,The Hobbit: The Battle of the Five Armies,2014,144,499924.0,True
7551,tt2358456,I Am Big Bird: The Caroll Spinney Story,2014,86,0.0,True
7565,tt2366806,The Day of the Living Dead,2014,90,1812.0,False
7581,tt2375605,The Act of Killing,2012,117,0.0,True
7603,tt2395469,Gúlly Bớy,2019,154,36421.0,True
7617,tt2401878,Anomalisa,2015,90,70001.0,True
7620,tt2403558,Catch Hell,2014,98,2885.0,False
7630,tt2414196,Thé Máid,2014,99,1625.0,False
7634,tt2417154,Filmage: The Story of Descendents/All,2013,90,1125.0,True
7647,tt2438644,Department Q: The Keeper of Lost Causes,2013,96,28755.0,True
7649,tt2440354,Naayak,2013,153,3043.0,False
7653,tt2449638,Atomica,2017,81,2285.0,False
7656,tt2452244,Isn't It Romantic,2019,89,67103.0,False
7667,tt2473510,Paranormal Activity: The Ghost Dimension,2015,88,26941.0,False
7679,tt2497980,The Lookalike,2014,100,3759.0,False
7696,tt2531318,Thé Béátlés: Éight Dáys á Wéék - Thé Tớúring Yéárs,2016,106,12382.0,True
7700,tt2536436,Ápp,2013,75,2574.0,False
7704,tt2544074,Identicals,2015,100,4368.0,False
7711,tt2557478,Pácific Rim: Úprising,2018,111,112671.0,False
7712,tt2558318,The Last Survivors,2014,95,3601.0,False
7750,tt2624412,Boulevard,2014,88,8394.0,False
7767,tt2675978,Dedh Ishqiya,2014,152,7119.0,True
7775,tt2712154,Backstreet Boys: Show 'Em What You're Made Of,2015,101,1512.0,True
7776,tt2713180,Fury,2014,134,456896.0,True
7782,tt2717682,Turner Risk,2019,112,1376.0,False
7785,tt2723176,Hide & Seek,2007,82,1062.0,False
7795,tt2752758,Devil's Due,2014,89,16506.0,False
7798,tt2763304,T2 Trainspotting,2017,117,119902.0,True
7811,tt2800038,Atlas Shrugged: Who Is John Galt?,2014,99,3387.0,False
7812,tt2802144,Kingsman: The Secret Service,2014,129,624132.0,True
7844,tt2885364,Willow Creek,2013,80,11191.0,False
7874,tt2938416,All This Mayhem,2014,104,3294.0,True
7885,tt2960930,Extraterrestrial,2014,101,15475.0,False
7890,tt2974050,Cool Cat Saves the Kids,2015,75,7703.0,False
7897,tt2990126,100 Streets,2016,93,3996.0,False
7903,tt3003668,Unbeatable,2013,122,2796.0,True
7905,tt3010660,Strớmbérg - Dér Film,2014,123,7599.0,True
7906,tt3013018,Eat,2014,92,1703.0,False
7915,tt3033948,Echoes,2014,93,1502.0,False
7917,tt3036548,Reminiscence: The Beginning,2014,100,2328.0,False
7918,tt3036740,Humshakals,2014,159,8088.0,False
7920,tt3038708,Iron Sky: The Coming Race,2019,93,0.0,False
7921,tt3039472,Return to Return to Nuke 'Em High Aka Vol. 2,2017,85,2048.0,False
7956,tt3108244,Capsule,2015,91,9423.0,False
7958,tt3121434,Yolki 3,2013,100,1485.0,False
7959,tt3121604,Duniyadari,2013,142,1709.0,True
7981,tt3152592,Scoob!,2007,93,0.0,False
7992,tt3178292,A: Film by Upendra,1998,150,0.0,True
7993,tt3181822,The Boy Next Door,2015,91,40884.0,False
7996,tt3183630,The Boy and the World,2013,80,6814.0,True
7998,tt3185772,The Wolf and the Goat,2013,141,2631.0,True
8012,tt3213684,1944,2007,100,5386.0,True
8038,tt3274484,Ékskúrsánté,2013,110,0.0,True
8039,tt3275216,Manson Family Vacation,2015,84,2920.0,False
8042,tt3281548,Little Women,2019,135,174162.0,True
8048,tt3295734,Colossal Youth,2018,98,2690.0,True
8050,tt3297792,Survivor,2014,93,2072.0,False
8054,tt3311020,Be Afraid,2017,99,2059.0,False
8057,tt3315342,Logan,2017,137,0.0,True
8070,tt3343136,Sleeping Beauty,2014,89,1904.0,False
8085,tt3390572,Haider,2014,160,52632.0,True
8093,tt3398436,German Angst,2015,112,1747.0,False
8099,tt3410834,Allegiant,2016,120,116345.0,False
8118,tt3461828,Cat Run 2,2014,96,1363.0,False
8129,tt3481210,2047: Sights of Death,2014,89,1475.0,False
8131,tt3482062,Bad Roomies,2015,93,2453.0,False
8153,tt3509426,Wasp,2015,72,2228.0,False
8178,tt3546370,Rớád,2014,102,1381.0,True
8182,tt3551400,Únnátúrál,2007,89,2115.0,False
8184,tt3557258,Through the Needle,2014,74,0.0,True
8188,tt3560686,Thé Fớớl,2014,116,13444.0,True
8206,tt3585004,Zhớngkúi: Snớw Girl ánd thé Dárk Crystál,2015,118,1308.0,False
8241,tt3679000,Ány Bớdy Cán Dáncé 2,2015,154,6120.0,False
8243,tt3680410,Last Cab to Darwin,2015,123,3620.0,True
8263,tt3711510,The Warning,2007,92,0.0,False
8267,tt3719896,My All-American,2015,118,6520.0,True
8269,tt3721954,Maudie,2016,115,17680.0,True
8278,tt3734354,The Cleanse,2016,81,2594.0,False
8284,tt3741860,Awake: The Life of Yogananda,2007,87,0.0,True
8286,tt3743362,Éárthrisé,2014,90,2467.0,False
8303,tt3796936,Curse of the Witching Tree,2015,102,1957.0,False
8306,tt3800028,Pák Ván Mijn Hárt,2014,83,1151.0,False
8314,tt3815136,My Béáútifúl Brớkén Bráin,2014,86,2219.0,True
8321,tt3823116,Little Bird's Big Adventure,2017,85,2047.0,False
8331,tt3848888,The Shaukeens,2014,124,2986.0,False
8335,tt3854234,"The Boss, Anatomy of a Crime",2014,90,1967.0,True
8358,tt3909336,Worlds Apart,2015,113,8304.0,True
8383,tt3982254,Mad_e in Bangladesh,2007,106,2109.0,True
8389,tt4003070,Diamond Dust,2018,162,0.0,True
8399,tt4024210,UNindian,2015,102,1178.0,False
8411,tt4058426,India's Daughter,2015,63,2076.0,True
8417,tt4063178,The Dog Lover,2016,101,1574.0,False
8422,tt4073304,The Attic,2007,72,1047.0,False
8432,tt4083572,Urge,2016,89,10345.0,False
8433,tt4084744,Battle for Sevastopol,2007,110,0.0,True
8454,tt4144350,Cold Ground,2017,86,4082.0,False
8474,tt4181052,Special Correspondents,2016,101,22189.0,False
8482,tt4191054,Strángé Mágic,2015,99,10797.0,False
8494,tt4229236,Cobain: Montage of Heck,2015,145,29152.0,True
8495,tt4229938,"The Rich, the Pauper and the Butler",2014,102,2007.0,False
8497,tt4241904,The Way We Weren't,2019,93,0.0,False
8515,tt4290746,Pisasu,2014,114,1967.0,True
8521,tt4302740,Meu Passado Me Condena 2: O Filme,2015,105,1010.0,False
8523,tt4306300,Mr. Ánd Mrs. Rámchári,2014,156,2003.0,True
8536,tt4329242,Love Jacked,2018,100,1997.0,False
8542,tt4338154,Hawaizaada,2015,148,1868.0,False
8549,tt4365506,Open Tee Bioscope,2015,135,1206.0,True
8553,tt4377952,Rattle the Cage,2015,96,0.0,True
8555,tt4382824,Ármy ớf Ớné,2016,92,7412.0,False
8560,tt4393514,Bitter Lake,2015,136,3140.0,True
8581,tt4442758,Temper,2015,147,6283.0,True
8589,tt4465564,Fifty Shades Darker,2017,118,97584.0,False
8604,tt4513074,The Emeryville Experiments,2016,83,1745.0,False
8631,tt4594836,Darc,2018,97,4285.0,False
8634,tt4603150,LiveJustine,2015,80,1038.0,False
8682,tt4736550,The Great Hack,2019,114,0.0,True
8692,tt4768656,Howard Lovecraft and the Frozen Kingdom,2016,83,2623.0,False
8696,tt4779326,Thé Wátér Mán,2020,91,0.0,False
8706,tt4819498,Chrớniclés ớf thé Ghớstly Tribé,2015,118,1648.0,False
8708,tt4824308,God's Not Dead 2,2016,120,12242.0,False
8743,tt4909506,Gớdhi Bánná Sádháráná Mykáttú,2016,144,2936.0,True
8750,tt4923846,Christmas in the Smokies,2015,88,1372.0,False
8753,tt4935446,Heart of a Dog,2015,75,0.0,True
8784,tt5036442,Hayat Öpücügü,2015,102,1228.0,False
8806,tt5085924,Wildling,2007,92,13594.0,False
8832,tt5154466,Bizans oyunlari: Geym of Bizans,2016,101,2871.0,False
8838,tt5161376,Tonight She Comes,2016,84,2044.0,False
8857,tt5214394,Su Su Sudhi Vathmeekam,2015,132,1660.0,True
8869,tt5247042,Dark Web,2016,89,0.0,False
8878,tt5266668,Rogue Warfare,2019,103,0.0,False
8881,tt5271772,Thé Réd Thréád,2016,100,2425.0,False
8887,tt5278460,Audrie & Daisy,2016,95,0.0,True
8892,tt5286444,Néérjá,2016,122,0.0,True
8898,tt5294966,After the Storm,2016,118,10616.0,True
8920,tt5420210,The Comeback Trail,2020,104,5737.0,False
8923,tt5427032,Osman Pazarlama,2016,114,0.0,False
8941,tt5466186,7 Days in Entebbe,2007,107,0.0,False
8954,tt5493944,The Little Mermaid,2018,85,8786.0,False
8958,tt5504168,Kshánám,2016,110,5160.0,True
8964,tt5523010,The Nutcracker and the Four Realms,2018,99,31771.0,False
8968,tt5534434,Victor Crowley,2017,83,5589.0,False
8972,tt5541848,What the Health,2007,97,28624.0,True
8976,tt5556054,Four Kids and It,2020,110,1336.0,False
8999,tt5606664,Doctor Sleep,2019,152,173198.0,True
9003,tt5615904,Unforgettable,2016,113,1310.0,True
9049,tt5716848,Where's the Money,2017,86,2018.0,False
9056,tt5727208,Uncut Gems,2019,135,251676.0,True
9075,tt5779372,An Interview with God,2007,97,3740.0,False
9105,tt5851014,Savage Dog,2017,94,0.0,False
9114,tt5881528,Damsel,2007,113,4915.0,False
9118,tt5890000,Survival Family,2007,117,2253.0,True
9138,tt5949038,Redwood,2017,80,0.0,False
9142,tt5959952,Missiớn Cớntrớl: Thé Únsúng Hérớés ớf Ápớllớ,2017,101,1610.0,True
9173,tt6068960,Hatred,2016,150,5526.0,True
9182,tt6086080,Mad Families,2017,87,1368.0,False
9184,tt6093618,Antiquities,2018,93,1644.0,False
9204,tt6146586,John Wick: Chapter 3 - Parabellum,2019,130,312587.0,True
9207,tt6155194,Best F(r)iends: Volume 1,2007,108,2582.0,False
9208,tt6155374,Redbad,2018,160,2552.0,False
9215,tt6186910,Imaikkaa Nodigal,2018,170,5190.0,True
9229,tt6233882,Za niebieskimi drzwiami,2016,99,0.0,False
9245,tt6289394,Dönérsé Sénindir,2016,109,2042.0,False
9261,tt6340296,Mớm ớr Dád?,2017,98,0.0,False
9266,tt6348454,Adhe Kangal,2017,120,1146.0,True
9269,tt6354568,Camp Wedding,2019,97,0.0,False
9327,tt6580564,102 Not Out,2018,102,6905.0,True
9333,tt6613470,PSV Garuda Vega,2017,150,1207.0,True
9343,tt6648932,False Witness,2019,86,1419.0,False
9348,tt6667360,Carnage,2017,68,0.0,True
9363,tt6742252,The Guilty,2018,85,54826.0,True
9405,tt6884200,A Kid Like Jake,2018,92,3470.0,False
9422,tt7010156,Maragadha Naanayam,2007,150,1477.0,True
9426,tt7022404,Blésséd Mádnéss,2018,110,0.0,False
9430,tt7046974,Swing Kids,2007,133,1952.0,True
9435,tt7057496,Forgotten,2017,108,27800.0,True
9444,tt7098658,Raazi,2018,138,28537.0,True
9450,tt7149336,The Unicorn,2018,88,1052.0,False
9477,tt7256866,Fáthér ớf thé Yéár,2018,94,10992.0,False
9495,tt7315484,The Silence,2007,90,42533.0,False
9497,tt7318202,Butterflies,2018,117,13317.0,True
9498,tt7321356,Some Time Later,2018,99,1347.0,False
9508,tt7357302,Avicii: True Stories,2017,97,6577.0,True
9509,tt7362036,Dying to Survive,2018,117,5542.0,True
9540,tt7511008,Paradise Beach,2019,93,2103.0,False
9544,tt7527538,Jefe,2018,89,1022.0,False
9550,tt7535666,Retrocausality,2019,73,5270.0,True
9556,tt7549484,Firangi,2007,158,1155.0,False
9574,tt7634968,What Men Want,2007,117,27048.0,False
9582,tt7675404,1968,2018,93,1457.0,True
9588,tt7689966,Robin Williams: Come Inside My Mind,2007,117,7753.0,True
9591,tt7691572,Cyborgs: Heroes Never Die,2017,112,6835.0,True
9597,tt7737640,Breaking News in Yuba County,2021,96,4467.0,False
9617,tt7851798,Root Cause,2019,73,1284.0,False
9621,tt7871636,Délihá 2,2018,106,0.0,False
9627,tt7886614,Cats,2018,87,0.0,False
9628,tt7886848,Sadak 2,2020,133,0.0,False
9632,tt7901798,Sheeple,2018,103,5578.0,True
9639,tt7942746,Body at Brighton Rock,2019,87,2090.0,False
9641,tt7950334,Thé Mớúntáin,2018,106,1535.0,False
9655,tt7998848,Play,2019,108,1445.0,True
9661,tt8009938,Blood Vessel,2019,93,2225.0,False
9668,tt8041922,Wátch If Yớú Dáré,2018,71,2066.0,False
9673,tt8054066,White as Snow,2019,112,1037.0,False
9678,tt8074486,The Row,2018,85,1470.0,False
9685,tt8092252,Be With You,2018,132,0.0,True
9698,tt8130968,Bádlá,2007,118,26062.0,True
9711,tt8200742,Silhouette,2007,114,3628.0,False
9716,tt8237272,Marionette,2020,112,1491.0,False
9718,tt8244298,Pớslédnéé ispytánié,2018,135,3590.0,False
9730,tt8318702,D-Ráiléd,2018,80,0.0,False
9748,tt8368294,Brothers by Blood,2020,105,0.0,False
9793,tt8620646,An Affair to Die For,2019,82,1964.0,False
9821,tt8777022,Siccin 5,2018,92,1511.0,False
9829,tt8829830,Fatale,2020,102,8646.0,False
9830,tt8844062,Charlie Boy,2021,83,0.0,True
9843,tt8941422,Hababam Sinifi Yeniden,2007,106,3588.0,False
9844,tt8946378,Knives Out,2007,130,555940.0,True
9846,tt8956872,Válhállá - Thé Légénd ớf Thớr,2019,105,3077.0,False
9856,tt8992946,Cargo,2019,119,2804.0,False
9865,tt9021140,Homestay,2018,132,1373.0,True
9866,tt9024106,Unplanned,2019,109,13592.0,False
9868,tt9029572,Killer Therapy,2019,94,1820.0,False
9870,tt9056824,Stunt School,2019,96,1106.0,False
9875,tt9081558,Those Who Remained,2019,83,1438.0,True
9906,tt9204164,Bigfớớt Fámily,2020,89,2423.0,False
9908,tt9206562,Make Us Dream,2018,104,2932.0,True
9922,tt9288776,White Snake,2019,99,3595.0,True
9923,tt9302994,Á Sớldiér's Révéngé,2020,140,1934.0,False
9941,tt9421200,A Perfect Enemy,2020,89,1639.0,False
9953,tt9543062,Hosts,2020,89,2206.0,False
9970,tt9660688,Black Beach,2020,110,1430.0,False
9985,tt9773184,Mareld,2019,94,1401.0,False
9991,tt9831136,The Banana Splits Movie,2019,89,3568.0,False
9992,tt9840958,Love Struck Sick,2019,92,3769.0,False
9995,tt9850344,Night Shift,2020,98,1325.0,False
